match,uri,redirect,to
simple,/about-elyzee-hospital/,permanent,https://www.elyzee.ae/en/about/
simple,/acne-scar-procedure-in-abu-dhabi/,permanent,https://www.elyzee.ae/en/services/dermatology/cosmetic-dermatology/acne-scar-treatment-abudhabi.html
simple,/acne-treatment-in-abu-dhabi/,permanent,https://www.elyzee.ae/en/services/dermatology/medical-dermatology/acne-treatment-abudhabi.html
simple,/adnexal-mass-in-abu-dhabi/,permanent,https://www.elyzee.ae/en/services/obstetrics-and-gynecology/medical-gynecology/adnexal-mass-treatment-abudhabi.html
simple,/anti-aging-dentistry-in-abu-dhabi/,permanent,https://www.elyzee.ae/en/services/
simple,/argon-plasma-in-abu-dhabi/,permanent,https://www.elyzee.ae/en/services/cosmetic-plastic-surgery/body/argon-plasma-abudhabi.html
simple,/arm-lift-in-abu-dhabi/,permanent,https://www.elyzee.ae/en/services/cosmetic-plastic-surgery/body/arm-lift-abudhabi.html
simple,/atopic-dermatitis-eczema-in-abu-dhabi/,permanent,https://www.elyzee.ae/en/services/dermatology/medical-dermatology/atopic-dermatitis-eczema-treatment-abudhabi.html
simple,/belt-lipectomy-in-abu-dhabi/,permanent,https://www.elyzee.ae/en/services/cosmetic-plastic-surgery/body/belt-lipectomy-abudhabi.html
simple,/birthmarks-in-abu-dhabi/,permanent,https://www.elyzee.ae/en/services/laser-treatments/birthmark-removal-abudhabi.html
simple,/blogs/,permanent,https://www.elyzee.ae/en/insights/
simple,/blood-donation-day/,permanent,https://www.elyzee.ae/en/news-events/
simple,/blood-pressure-check-in-abu-dhabi/,permanent,https://www.elyzee.ae/en/services/general-practice/laboratory-diagnostics/blood-pressure-check-abudhabi.html
simple,/body-lift-in-abu-dhabi/,permanent,https://www.elyzee.ae/en/services/cosmetic-plastic-surgery/body/body-lift-abudhabi.html
simple,/booking/,permanent,https://www.elyzee.ae/en/book-appointment/
simple,/botox-hair-loss-treatment-in-abu-dhabi/,permanent,https://www.elyzee.ae/en/services/dermatology/cosmetic-dermatology/botox-hair-loss-treatment-abudhabi.html
simple,/botox-procedure-in-abu-dhabi/,permanent,https://www.elyzee.ae/en/services/dermatology/cosmetic-dermatology/botox-procedure-abudhabi.html
simple,/breast-augmentation-in-abu-dhabi/,permanent,https://www.elyzee.ae/en/services/cosmetic-plastic-surgery/breast/breast-augmentation-abudhabi.html
simple,/breast-lift-in-abu-dhabi/,permanent,https://www.elyzee.ae/en/services/cosmetic-plastic-surgery/breast/breast-lift-mastopexy-abudhabi.html
simple,/breast-reconstruction-in-abu-dhabi/,permanent,https://www.elyzee.ae/en/services/cosmetic-plastic-surgery/breast/breast-reconstruction-abudhabi.html
simple,/breast-reduction-in-abu-dhabi/,permanent,https://www.elyzee.ae/en/services/cosmetic-plastic-surgery/breast/breast-reduction-mammaplasty-abudhabi.html
simple,/butt-filler-procedure-in-abu-dhabi/,permanent,https://www.elyzee.ae/en/services/dermatology/cosmetic-dermatology/butt-filler-procedure-abudhabi.html
simple,/butt-fillers-in-abu-dhabi/,permanent,https://www.elyzee.ae/en/services/dermatology/cosmetic-dermatology/butt-filler-procedure-abudhabi.html
simple,/buttock-augmentation-in-abu-dhabi/,permanent,https://www.elyzee.ae/en/services/cosmetic-plastic-surgery/body/buttock-augmentation-abudhabi.html
simple,/carbon-peel-facial-in-abu-dhabi/,permanent,https://www.elyzee.ae/en/services/skin-care-and-cosmetology/carbon-peel-facial-abudhabi.html
simple,/cellulite-treatment-in-abu-dhabi/,permanent,https://www.elyzee.ae/en/services/dermatology/cosmetic-dermatology/cellulite-treatment-abudhabi.html
simple,/chemical-peel-in-abu-dhabi/,permanent,https://www.elyzee.ae/en/services/dermatology/cosmetic-dermatology/chemical-peel-abudhabi.html
simple,/chin-augmentation-in-abu-dhabi/,permanent,https://www.elyzee.ae/en/services/cosmetic-plastic-surgery/face/chin-augmentation-abudhabi.html
simple,/chiropractic-services-in-abu-dhabi/,permanent,https://www.elyzee.ae/en/services/
simple,/cholesterol-test-in-abu-dhabi/,permanent,https://www.elyzee.ae/en/services/general-practice/laboratory-diagnostics/cholesterol-test-abudhabi.html
simple,/co2-laser-treatment-in-abu-dhabi/,permanent,https://www.elyzee.ae/en/services/dermatology/cosmetic-dermatology/co2-laser-treatment-abudhabi.html
simple,/co2re-fractional-laser-in-abu-dhabi/,permanent,https://www.elyzee.ae/en/services/dermatology/cosmetic-dermatology/co2re-fractional-laser-abudhabi.html
simple,/complete-guide-to-plastic-surgery-recovery/,permanent,https://www.elyzee.ae/en/insights/complete-guide-to-plastic-surgery-recovery.html
simple,/comprehensive-guide-to-rhinoplasty-recovery/,permanent,https://www.elyzee.ae/en/insights/comprehensive-guide-to-rhinoplasty-recovery.html
simple,/contact-form/,permanent,https://www.elyzee.ae/en/contact/
simple,/crooked-nose-correction-aesthetic-goals-uae/,permanent,https://www.elyzee.ae/en/insights/crooked-nose-correction-aesthetic-goals-uae.html
simple,/cystocele-repair-in-abu-dhabi/,permanent,https://www.elyzee.ae/en/services/obstetrics-and-gynecology/medical-gynecology/cystocele-repair-abudhabi.html
simple,/daily-giveaways/,permanent,https://www.elyzee.ae/en/offers/
simple,/dark-circle-procedure-in-abu-dhabi/,permanent,https://www.elyzee.ae/en/services/dermatology/cosmetic-dermatology/dark-circle-procedure-abudhabi.html
simple,/dark-spots-in-abu-dhabi/,permanent,https://www.elyzee.ae/en/services/laser-treatments/laser-treatment-for-dark-spots-abudhabi.html
simple,/deep-cleansing-facial-in-abu-dhabi/,permanent,https://www.elyzee.ae/en/services/skin-care-and-cosmetology/deep-cleansing-facial-abudhabi.html
simple,/dental-bridges-in-abu-dhabi/,permanent,https://www.elyzee.ae/en/services/
simple,/dental-cleaning-in-abu-dhabi/,permanent,https://www.elyzee.ae/en/services/
simple,/dental-crown-in-abu-dhabi/,permanent,https://www.elyzee.ae/en/services/
simple,/dental-implants-in-abu-dhabi/,permanent,https://www.elyzee.ae/en/services/
simple,/dental-restoration-in-abu-dhabi/,permanent,https://www.elyzee.ae/en/services/
simple,/diabetes-testing-in-abu-dhabi/,permanent,https://www.elyzee.ae/en/services/general-practice/laboratory-diagnostics/diabetes-testing-abudhabi.html
simple,/diet-nutrition-in-abu-dhabi/,permanent,https://www.elyzee.ae/en/services/slimming-and-weight-loss/diet-nutrition-programs-abudhabi.html
simple,/ar/diet-nutrition-in-abu-dhabi/,permanent,https://www.elyzee.ae/ar/services/slimming-and-weight-loss/diet-nutrition-programs-abudhabi.html
simple,/different-types-of-liposuction/,permanent,https://www.elyzee.ae/en/insights/different-types-of-liposuction.html
simple,/dr-abdulfatah-alani/,permanent,https://www.elyzee.ae/en/doctors/dr-abdulfatah-al-anni.html
simple,/dr-abdulkader-ramo/,permanent,https://www.elyzee.ae/en/doctors/dr-abdulkader-ramo.html
simple,/dr-ahmad-al-machhour/,permanent,https://www.elyzee.ae/en/doctors/dr-ahmed-al-machhour.html
simple,/dr-ahmad-saad/,permanent,https://www.elyzee.ae/en/doctors/
simple,/dr-ahmed-al-khatib/,permanent,https://www.elyzee.ae/en/doctors/dr-ahmed-al-khatib.html
simple,/dr-emad-ed-dannan/,permanent,https://www.elyzee.ae/en/doctors/dr-emad-el-danan.html
simple,/dr-hamda-marzooqi/,permanent,https://www.elyzee.ae/en/doctors/dr-hamda-al-marzoqi.html
simple,/dr-harith-zaidan/,permanent,https://www.elyzee.ae/en/doctors/dr-harith-zaidan.html
simple,/dr-hiam-jabalee/,permanent,https://www.elyzee.ae/en/doctors/dr-hiam-jablee.html
simple,/dr-mais-al-karmi/,permanent,https://www.elyzee.ae/en/doctors/dr-mais-al-karmi.html
simple,/dr-marwan-youssef/,permanent,https://www.elyzee.ae/en/doctors/dr-marwan-youssef.html
simple,/dr-miguel-bravo/,permanent,https://www.elyzee.ae/en/doctors/dr-miguel-bravo.html
simple,/dr-miguel-gomez-bravo/,permanent,https://www.elyzee.ae/en/doctors/dr-miguel-bravo.html
simple,/dr-mohammed-khamas/,permanent,https://www.elyzee.ae/en/doctors/dr-mohammed-khamas.html
simple,/dr-muqdad-al-hammadi/,permanent,https://www.elyzee.ae/en/doctors/dr-muqdad-al-hammadi.html
simple,/dr-niveen-hussein/,permanent,https://www.elyzee.ae/en/doctors/dr-niveen-hussein.html
simple,/dr-paulo-michels/,permanent,https://www.elyzee.ae/en/doctors/dr-paulo-michels.html
simple,/ar/doctors/dr-paulo-michels/,permanent,https://www.elyzee.ae/en/doctors/dr-paulo-michels.html
simple,/dr-pouria-sabetian/,permanent,https://www.elyzee.ae/en/doctors/dr-pouria-sebatian.html
simple,/dr-rasha-abuobayda/,permanent,https://www.elyzee.ae/en/doctors/dr-rasha-abu-obida.html
simple,/dr-roseli-cardinali/,permanent,https://www.elyzee.ae/en/doctors/dr-roseli-cardinali.html
simple,/dr-tawfek-borhan-al-abed/,permanent,https://www.elyzee.ae/en/doctors/dr-tawfek-al-abed.html
simple,/dr-zlatina-mineva/,permanent,https://www.elyzee.ae/en/doctors/dr-zlatina-mineva.html
simple,/mariia-oleksyk/,permanent,https://www.elyzee.ae/en/doctors/ms-mariia-oleksyk.html
simple,/ar/mariia-oleksyk/,permanent,https://www.elyzee.ae/ar/doctors/ms-mariia-oleksyk.html
simple,/prof-dr-abdulbaqi-alkhatib/,permanent,https://www.elyzee.ae/en/doctors/dr-abdulbaqi-al-khatib.html
simple,/saloua-marssid/,permanent,https://www.elyzee.ae/en/doctors/ms-saloua-marrsid.html
simple,/double-chin-treatment-in-abu-dhabi/,permanent,https://www.elyzee.ae/en/services/cosmetic-plastic-surgery/face/double-chin-treatment-abudhabi.html
simple,/dr-alexander-aslanis-exclusive-visit-to-elyzee-hospital-in-abu-dhabi-in-2024/,permanent,https://www.elyzee.ae/en/news-events/
simple,/ear-reshaping-surgery-in-abu-dhabi/,permanent,https://www.elyzee.ae/en/services/ent-and-rhinoplasty/otoplasty-ear-reshaping-abudhabi.html
simple,/ectopic-pregnancy-in-abu-dhabi/,permanent,https://www.elyzee.ae/en/services/obstetrics-and-gynecology/medical-gynecology/ectopic-pregnancy-treatment-abudhabi.html
simple,/ellacor-non-surgical-sagging-skin-treatment/,permanent,https://www.elyzee.ae/en/insights/ellacor-non-surgical-sagging-skin-treatment.html
simple,/elyzee-hospital-dr-b-clinic-partnership/,permanent,https://www.elyzee.ae/en/news-events/
simple,/elyzee-hospital-expands-ent-services-in-abu-dhabi/,permanent,https://www.elyzee.ae/en/services/ent-and-rhinoplasty/
simple,/ar/elyzee-hospital-expands-ent-services-in-abu-dhabi/,permanent,https://www.elyzee.ae/en/services/ent-and-rhinoplasty/
simple,/elyzee-hospital-new-location/,permanent,https://www.elyzee.ae/en/contact/
simple,/elyzee-hospital/,permanent,https://www.elyzee.ae/en/about/
simple,/elyzee-hospitals-team-building-2024/,permanent,https://www.elyzee.ae/en/news-events/elyzee-hospitals-team-building-2024.html
simple,/endolift-procedure-in-abu-dhabi/,permanent,https://www.elyzee.ae/en/services/cosmetic-plastic-surgery/face/endolift-procedure-abudhabi.html
simple,/endoscopic-eyebrow-lift-in-abu-dhabi/,permanent,https://www.elyzee.ae/en/services/ent-and-rhinoplasty/endoscopic-eyebrow-lift-abudhabi.html
simple,/everything-you-need-to-know-about-breast-augmentation/,permanent,https://www.elyzee.ae/en/insights/everything-you-need-to-know-about-breast-augmentation.html
simple,/everything-you-need-to-know-about-liposuction/,permanent,https://www.elyzee.ae/en/insights/everything-you-need-to-know-about-liposuction.html
simple,/everything-you-need-to-know-about-mommy-makeover/,permanent,https://www.elyzee.ae/en/insights/everything-you-need-to-know-about-mommy-makeover.html
simple,/everything-you-need-to-know-about-rhinoplasty/,permanent,https://www.elyzee.ae/en/insights/everything-you-need-to-know-about-rhinoplasty.html
simple,/everything-you-need-to-know-about-tummy-tuck/,permanent,https://www.elyzee.ae/en/insights/everything-you-need-to-know-about-tummy-tuck.html
simple,/exilis-btl-slimming-treatment-in-abu-dhabi/,permanent,https://www.elyzee.ae/en/services/slimming-and-weight-loss/exilis-btl-slimming-treatment-abudhabi.html
simple,/eyelid-surgery-in-abu-dhabi/,permanent,https://www.elyzee.ae/en/services/ent-and-rhinoplasty/blepharoplasty-eyelid-lift-surgery-abudhabi.html
simple,/ar/eyelid-surgery-in-abu-dhabi/,permanent,https://www.elyzee.ae/ar/services/ent-and-rhinoplasty/blepharoplasty-eyelid-lift-surgery-abudhabi.html
simple,/face-of-elyzee-2024-ambassador/,permanent,https://www.elyzee.ae/en/news-events/
simple,/facelift-in-abu-dhabi/,permanent,https://www.elyzee.ae/en/services/cosmetic-plastic-surgery/face/facelift-rhytidectomy-abudhabi.html
simple,/facial-for-men-in-abu-dhabi/,permanent,https://www.elyzee.ae/en/services/skin-care-and-cosmetology/facials-for-men-abudhabi.html
simple,/facial-procedure-in-abu-dhabi/,permanent,https://www.elyzee.ae/en/services/skin-care-and-cosmetology/facials-abudhabi.html
simple,/fasting-blood-sugar-in-abu-dhabi/,permanent,https://www.elyzee.ae/en/services/general-practice/laboratory-diagnostics/fasting-blood-sugar-test.html
simple,/fat-transfer-in-abu-dhabi/,permanent,https://www.elyzee.ae/en/services/cosmetic-plastic-surgery/body/fat-transfer-abudhabi.html
simple,/filler-dissolving-in-abu-dhabi/,permanent,https://www.elyzee.ae/en/services/dermatology/cosmetic-dermatology/filler-dissolving-treatment-abudhabi.html
simple,/fillers-in-abu-dhabi/,permanent,https://www.elyzee.ae/en/services/dermatology/cosmetic-dermatology/fillers-abudhabi.html
simple,/fraxel-procedure-in-abu-dhabi/,permanent,https://www.elyzee.ae/en/services/dermatology/cosmetic-dermatology/fraxel-procedure-abudhabi.html
simple,/g-spot-procedure-in-abu-dhabi/,permanent,https://www.elyzee.ae/en/services/obstetrics-and-gynecology/cosmetic-gynecology/gspot-procedure-gshot-abudhabi.html
simple,/gastric-balloon-procedure-in-abu-dhabi/,permanent,https://www.elyzee.ae/en/services/slimming-and-weight-loss/gastric-balloon-procedure-abudhabi.html
simple,/glucose-tolerance-test-in-abu-dhabi/,permanent,https://www.elyzee.ae/en/services/general-practice/laboratory-diagnostics/glucose-tolerance-test-gtt-abudhabi.html
simple,/gold-facial-procedure-in-abu-dhabi/,permanent,https://www.elyzee.ae/en/services/skin-care-and-cosmetology/gold-facial-abudhabi.html
simple,/gum-depigmentation-in-abu-dhabi/,permanent,https://www.elyzee.ae/en/services/
simple,/gummy-smile-in-abu-dhabi/,permanent,https://www.elyzee.ae/en/services/
simple,/gynecomastia-in-abu-dhabi/,permanent,https://www.elyzee.ae/en/services/cosmetic-plastic-surgery/breast/gynecomastia-abudhabi.html
simple,/hair-bleaching-in-abu-dhabi/,permanent,https://www.elyzee.ae/en/services/skin-care-and-cosmetology/hair-bleaching-abudhabi.html
simple,/hair-filler-procedure-in-abu-dhabi/,permanent,https://www.elyzee.ae/en/services/dermatology/cosmetic-dermatology/hair-filler-procedure-abudhabi.html
simple,/hair-loss-treatment-in-abu-dhabi/,permanent,https://www.elyzee.ae/en/services/dermatology/cosmetic-dermatology/hair-loss-treatment-abudhabi.html
simple,/hand-rejuvenation-in-abu-dhabi/,permanent,https://www.elyzee.ae/en/services/dermatology/cosmetic-dermatology/hand-rejuvenation-abudhabi.html
simple,/hemorrhoids-treatment-with-hal-rar/,permanent,https://www.elyzee.ae/en/services/general-surgery/hemorrhoids-treatment-with-hal-rar-procedure-abudhabi.html
simple,/hollywood-smile-makeover-in-abu-dhabi/,permanent,https://www.elyzee.ae/en/services/
simple,/how-to-choose-the-right-plastic-surgeon-for-breast-surgery/,permanent,https://www.elyzee.ae/en/insights/how-to-choose-the-right-plastic-surgeon-for-breast-surgery.html
simple,/how-to-choose-the-right-plastic-surgeon-for-liposuction/,permanent,https://www.elyzee.ae/en/insights/how-to-choose-the-right-plastic-surgeon-for-liposuction.html
simple,/how-to-choose-the-right-plastic-surgeon-for-rhinoplasty/,permanent,https://www.elyzee.ae/en/insights/how-to-choose-the-right-plastic-surgeon-for-rhinoplasty.html
simple,/how-to-choose-the-right-plastic-surgeon-for-tummy-tuck-treatment/,permanent,https://www.elyzee.ae/en/insights/how-to-choose-the-right-plastic-surgeon-for-tummy-tuck-treatment.html
simple,/how-to-find-the-right-plastic-surgeon-in-abu-dhabi/,permanent,https://www.elyzee.ae/en/insights/how-to-find-the-right-plastic-surgeon-in-abu-dhabi.html
simple,/hydrafacial-in-abu-dhabi/,permanent,https://www.elyzee.ae/en/services/skin-care-and-cosmetology/hydrafacial-abudhabi.html
simple,/hydrafacial-procedure-in-abu-dhabi/,permanent,https://www.elyzee.ae/en/services/skin-care-and-cosmetology/hydrafacial-abudhabi.html
simple,/hyperhidrosis-treatment-in-abu-dhabi-2/,permanent,https://www.elyzee.ae/en/services/dermatology/cosmetic-dermatology/hyperhidrosis-treatment-abudhabi.html
simple,/hyperhidrosis-treatment-in-abu-dhabi/,permanent,https://www.elyzee.ae/en/services/dermatology/cosmetic-dermatology/hyperhidrosis-treatment-abudhabi.html
simple,/insulin-resistance-in-abu-dhabi/,permanent,https://www.elyzee.ae/en/services/general-practice/laboratory-diagnostics/insulin-resistance-checkup-abudhabi.html
simple,/insurance/,permanent,https://www.elyzee.ae/en/insurance/
simple,/invisalign-braces-treatment-in-abu-dhabi/,permanent,https://www.elyzee.ae/en/services/
simple,/iv-drip-therapy-in-abu-dhabi/,permanent,https://www.elyzee.ae/en/services/general-practice/iv-drip-therapy-abudhabi.html
simple,/j-plasma-in-abu-dhabi/,permanent,https://www.elyzee.ae/en/services/cosmetic-plastic-surgery/body/renuvion-j-plasma-skin-tightening-abudhabi.html
simple,/jawline-contouring-in-abu-dhabi/,permanent,https://www.elyzee.ae/en/services/dermatology/cosmetic-dermatology/jawline-contouring-abudhabi.html
simple,/jawline-contouring-pocedure-in-abu-dhabi/,permanent,https://www.elyzee.ae/en/services/dermatology/cosmetic-dermatology/jawline-contouring-abudhabi.html
simple,/labia-fillers-procedure-in-abu-dhabi/,permanent,https://www.elyzee.ae/en/services/obstetrics-and-gynecology/cosmetic-gynecology/labia-fillers-abudhabi.html
simple,/labiaplasty-procedure-in-abu-dhabi/,permanent,https://www.elyzee.ae/en/services/obstetrics-and-gynecology/cosmetic-gynecology/labiaplasty-abudhabi.html
simple,/laser-dentistry-in-abu-dhabi/,permanent,https://www.elyzee.ae/en/services/
simple,/laser-hair-removal-in-abu-dhabi/,permanent,https://www.elyzee.ae/en/services/laser-treatments/laser-hair-removal-women-abudhabi.html
simple,/laser-treatment-for-hair-loss-in-abu-dhabi/,permanent,https://www.elyzee.ae/en/services/laser-treatments/laser-treatment-for-hair-loss-abudhabi.html
simple,/lip-flip-in-abu-dhabi/,permanent,https://www.elyzee.ae/en/services/dermatology/cosmetic-dermatology/lip-flip-filler-abudhabi.html
simple,/lipedema-procedure-in-abu-dhabi/,permanent,https://www.elyzee.ae/en/services/cosmetic-plastic-surgery/body/lipedema-procedure-abudhabi.html
simple,/liposuction-in-abu-dhabi/,permanent,https://www.elyzee.ae/en/services/cosmetic-plastic-surgery/body/liposuction-abudhabi.html
simple,/liposuction-or-tummy-tuck/,permanent,https://www.elyzee.ae/en/insights/liposuction-or-tummy-tuck.html
simple,/lpg-endermologie-treatment-in-abu-dhabi/,permanent,https://www.elyzee.ae/en/services/slimming-and-weight-loss/lpg-endermologie-treatment-abudhabi.html
simple,/lumineers-in-abu-dhabi/,permanent,https://www.elyzee.ae/en/services/
simple,/lymphedema-in-abu-dhabi/,permanent,https://www.elyzee.ae/en/services/cosmetic-plastic-surgery/body/lymphedema-abudhabi.html
simple,/medical-or-surgical-mole-mapping-in-abu-dhabi/,permanent,https://www.elyzee.ae/en/services/dermatology/medical-dermatology/medical-surgical-mole-mapping-abudhabi.html
simple,/melasma-treatment-in-abu-dhabi/,permanent,https://www.elyzee.ae/en/services/dermatology/medical-dermatology/melasma-treatment-abudhabi.html
simple,/mesotheraphy-in-abu-dhabi/,permanent,https://www.elyzee.ae/en/services/dermatology/cosmetic-dermatology/mesotherapy-abudhabi.html
simple,/mesotherapy-in-abu-dhabi/,permanent,https://www.elyzee.ae/en/services/dermatology/cosmetic-dermatology/mesotherapy-abudhabi.html
simple,/mesotherapy-procedure-in-abu-dhabi/,permanent,https://www.elyzee.ae/en/services/dermatology/cosmetic-dermatology/mesotherapy-abudhabi.html
simple,/microblading-in-abu-dhabi/,permanent,https://www.elyzee.ae/en/services/dermatology/cosmetic-dermatology/microblading-abudhabi.html
simple,/microdermabasion-in-abu-dhabi/,permanent,https://www.elyzee.ae/en/services/dermatology/cosmetic-dermatology/microdermabrasion-abudhabi.html
simple,/microdermabrasion-in-abu-dhabi/,permanent,https://www.elyzee.ae/en/services/dermatology/cosmetic-dermatology/microdermabrasion-abudhabi.html
simple,/microneedling-in-abu-dhabi/,permanent,https://www.elyzee.ae/en/services/dermatology/cosmetic-dermatology/microneedling-abudhabi.html
simple,/microneedling-treatment-in-abu-dhabi/,permanent,https://www.elyzee.ae/en/services/dermatology/cosmetic-dermatology/microneedling-abudhabi.html
simple,/midfacelift-in-abu-dhabi/,permanent,https://www.elyzee.ae/en/services/cosmetic-plastic-surgery/face/midfacelift-abudhabi.html
simple,/minimal-invasive-lipo-abdominoplasty-in-abu-dhabi/,permanent,https://www.elyzee.ae/en/services/cosmetic-plastic-surgery/body/mila-minimal-invasive-lipo-abdominoplasty-abudhabi.html
simple,/minimally-invasive-lipoabdominoplasty-guide/,permanent,https://www.elyzee.ae/en/insights/minimally-invasive-lipoabdominoplasty-guide.html
simple,/mommy-makeover-in-abu-dhabi/,permanent,https://www.elyzee.ae/en/services/cosmetic-plastic-surgery/body/mommy-makeover-abudhabi.html
simple,/monsplasty-procedure-in-abu-dhabi/,permanent,https://www.elyzee.ae/en/services/obstetrics-and-gynecology/cosmetic-gynecology/monsplasty-pubic-lift-abudhabi.html
simple,/morpheus-8-in-abu-dhabi/,permanent,https://www.elyzee.ae/en/services/dermatology/cosmetic-dermatology/morpheus-8-procedure-abudhabi.html
simple,/morpheus-8-procedure-in-abu-dhabi/,permanent,https://www.elyzee.ae/en/services/dermatology/cosmetic-dermatology/morpheus-8-procedure-abudhabi.html
simple,/myomectomy-in-abu-dhabi/,permanent,https://www.elyzee.ae/en/services/obstetrics-and-gynecology/medical-gynecology/myomectomy-abudhabi.html
simple,/nano-graft-in-abu-dhabi/,permanent,https://www.elyzee.ae/en/services/cosmetic-plastic-surgery/body/nano-graft-abudhabi.html
simple,/nasal-and-sinus-surgeries-in-abu-dhabi/,permanent,https://www.elyzee.ae/en/services/ent-and-rhinoplasty/nasal-sinus-surgery-abudhabi.html
simple,/neck-lift-in-abu-dhabi/,permanent,https://www.elyzee.ae/en/services/cosmetic-plastic-surgery/face/neck-lift-abudhabi.html
simple,/nefertiti-lift-procedure-in-abu-dhabi/,permanent,https://www.elyzee.ae/en/services/dermatology/cosmetic-dermatology/nefertiti-lift-abudhabi.html
simple,/non-surgical-nose-reshaping-in-abu-dhabi/,permanent,https://www.elyzee.ae/en/services/dermatology/cosmetic-dermatology/non-surgical-nose-reshaping-abudhabi.html
simple,/o-shot-procedure-in-abu-dhabi/,permanent,https://www.elyzee.ae/en/services/obstetrics-and-gynecology/cosmetic-gynecology/oshot-prp-abudhabi.html
simple,/open-eye-technique-procedure-in-abu-dhabi/,permanent,https://www.elyzee.ae/en/services/dermatology/cosmetic-dermatology/open-eye-technique-procedure-abudhabi.html
simple,/open-pore-treatment-in-abu-dhabi/,permanent,https://www.elyzee.ae/en/services/dermatology/cosmetic-dermatology/open-pore-treatment-abudhabi.html
simple,/orthodontics-in-abu-dhabi/,permanent,https://www.elyzee.ae/en/services/
simple,/our-doctors/,permanent,https://www.elyzee.ae/en/doctors/
simple,/ovarian-cysts-in-abu-dhabi/,permanent,https://www.elyzee.ae/en/services/obstetrics-and-gynecology/medical-gynecology/ovarian-cyst-treatment-abudhabi.html
simple,/oxyfacial-treatment-in-abu-dhabi/,permanent,https://www.elyzee.ae/en/services/skin-care-and-cosmetology/oxygeneo-oxyfacial-treatment-abudhabi.html
simple,/pap-smear-hpv-test/,permanent,https://www.elyzee.ae/en/services/obstetrics-and-gynecology/medical-gynecology/pap-smear-hpv-test-abudhabi.html
simple,/pediatric-dentistry-in-abu-dhabi/,permanent,https://www.elyzee.ae/en/services/
simple,/peeling-procedures-in-abu-dhabi/,permanent,https://www.elyzee.ae/en/services/skin-care-and-cosmetology/peeling-procedures-abudhabi.html
simple,/perineal-repair-in-abu-dhabi/,permanent,https://www.elyzee.ae/en/services/obstetrics-and-gynecology/medical-gynecology/perineal-repair-abudhabi.html
simple,/perineoplasty-procedure-in-abu-dhabi/,permanent,https://www.elyzee.ae/en/services/obstetrics-and-gynecology/cosmetic-gynecology/perineoplasty-abudhabi.html
simple,/periodontal-plastic-surgery-in-abu-dhabi/,permanent,https://www.elyzee.ae/en/services/
simple,/permanent-filler-in-abu-dhabi/,permanent,https://www.elyzee.ae/en/services/cosmetic-plastic-surgery/body/permanent-filler-removal-abudhabi.html
simple,/permanent-filler-removal-in-abu-dhabi/,permanent,https://www.elyzee.ae/en/services/cosmetic-plastic-surgery/body/permanent-filler-removal-abudhabi.html
simple,/personalized-weight-loss-procedure-in-abu-dhabi/,permanent,https://www.elyzee.ae/en/services/slimming-and-weight-loss/personalized-weight-loss-procedures-abudhabi.html
simple,/pigmentation-procedure-in-abu-dhabi/,permanent,https://www.elyzee.ae/en/services/dermatology/cosmetic-dermatology/pigmentation-treatment-abudhabi.html
simple,/pigmentation-treatment-in-abu-dhabi/,permanent,https://www.elyzee.ae/en/services/dermatology/cosmetic-dermatology/pigmentation-treatment-abudhabi.html
simple,/plastic-surgery-appointment-request/,permanent,https://www.elyzee.ae/en/book-appointment/
simple,/platelet-rich-plasma-treatment-in-abu-dhabi/,permanent,https://www.elyzee.ae/en/services/dermatology/cosmetic-dermatology/prp-skin-rejuvenation-abudhabi.html
simple,/pregnancy-testing-in-abu-dhabi/,permanent,https://www.elyzee.ae/en/services/obstetrics-and-gynecology/medical-gynecology/pregnancy-test-abudhabi.html
simple,/profhilo-in-abu-dhabi/,permanent,https://www.elyzee.ae/en/services/dermatology/cosmetic-dermatology/profhilo-injections-abudhabi.html
simple,/prp-procedure-in-abu-dhabi/,permanent,https://www.elyzee.ae/en/services/dermatology/cosmetic-dermatology/prp-procedure-for-hair-abudhabi.html
simple,/prp-skin-rejuvenation-in-abu-dhabi/,permanent,https://www.elyzee.ae/en/services/dermatology/cosmetic-dermatology/prp-skin-rejuvenation-abudhabi.html
simple,/psoriasis-treatments-in-abu-dhabi/,permanent,https://www.elyzee.ae/en/services/dermatology/medical-dermatology/psoriasis-treatments-abudhabi.html
simple,/radio-frequency-skin-tightening-in-abu-dhabi/,permanent,https://www.elyzee.ae/en/services/dermatology/cosmetic-dermatology/radio-frequency-skin-tightening-abudhabi.html
simple,/ramadan-special-offers/,permanent,https://www.elyzee.ae/en/offers/
simple,/rectocele-repair-in-abu-dhabi/,permanent,https://www.elyzee.ae/en/services/obstetrics-and-gynecology/medical-gynecology/rectocele-repair-abudhabi.html
simple,/repair-of-genital-trauma-in-abu-dhabi/,permanent,https://www.elyzee.ae/en/services/obstetrics-and-gynecology/medical-gynecology/repair-of-genital-trauma-abudhabi.html
simple,/revision-breast-surgery-in-abu-dhabi/,permanent,https://www.elyzee.ae/en/services/cosmetic-plastic-surgery/breast/revision-breast-surgery-abudhabi.html
simple,/rhinoplasty-in-abu-dhabi/,permanent,https://www.elyzee.ae/en/services/ent-and-rhinoplasty/rhinoplasty-abudhabi.html
simple,/rhinoplasty-mistakes-to-avoid/,permanent,https://www.elyzee.ae/en/insights/rhinoplasty-mistakes-to-avoid.html
simple,/rib-remodelling-in-abu-dhabi/,permanent,https://www.elyzee.ae/en/services/cosmetic-plastic-surgery/body/rib-remodelling-abudhabi.html
simple,/root-canal-treatment-in-abu-dhabi/,permanent,https://www.elyzee.ae/en/services/
simple,/rosacea-procedures-in-abu-dhabi/,permanent,https://www.elyzee.ae/en/services/dermatology/medical-dermatology/rosacea-treatment-abudhabi.html
simple,/routine-dental-check-up-in-abu-dhabi/,permanent,https://www.elyzee.ae/en/services/
simple,/russian-lips-procedure-in-abu-dhabi/,permanent,https://www.elyzee.ae/en/services/dermatology/cosmetic-dermatology/russian-lips-procedure-abudhabi.html
simple,/scalp-threads-in-abu-dhabi/,permanent,https://www.elyzee.ae/en/services/dermatology/cosmetic-dermatology/scalp-threads-abudhabi.html
simple,/sculpted-podcast-e01-with-dr-mohammed-khamas/,permanent,https://www.elyzee.ae/en/doctors/dr-mohammed-khamas.html
simple,/sculpted-podcast-episode-02-with-dr-marwan-youssef/,permanent,https://www.elyzee.ae/en/insights/
simple,/sculptra-procedure-in-abu-dhabi/,permanent,https://www.elyzee.ae/en/services/dermatology/cosmetic-dermatology/sculptra-procedure-abudhabi.html
simple,/silver-facial-in-abu-dhabi/,permanent,https://www.elyzee.ae/en/services/skin-care-and-cosmetology/silver-facial-abudhabi.html
simple,/skin-booster-procedures-in-abu-dhabi/,permanent,https://www.elyzee.ae/en/services/dermatology/cosmetic-dermatology/skin-booster-treatments-abudhabi.html
simple,/skin-cancer-screenings-in-abu-dhabi/,permanent,https://www.elyzee.ae/en/services/
simple,/skin-infections-in-abu-dhabi/,permanent,https://www.elyzee.ae/en/services/dermatology/cosmetic-dermatology/skin-infections-treatment-abudhabi.html
simple,/skin-rejuvenation-in-abu-dhabi/,permanent,https://www.elyzee.ae/en/services/dermatology/cosmetic-dermatology/skin-rejuvenation-abudhabi.html
simple,/skin-resurfacing-in-abu-dhabi/,permanent,https://www.elyzee.ae/en/services/dermatology/cosmetic-dermatology/skin-resurfacing-abudhabi.html
simple,/skin-tightening-procedures-in-abu-dhabi/,permanent,https://www.elyzee.ae/en/services/dermatology/cosmetic-dermatology/radio-frequency-skin-tightening-abudhabi.html
simple,/smart-capsules-in-abu-dhabi/,permanent,https://www.elyzee.ae/en/services/slimming-and-weight-loss/smart-capsules-procedure-abudhabi.html
simple,/snoring-surgeries-in-abu-dhabi/,permanent,https://www.elyzee.ae/en/services/ent-and-rhinoplasty/snoring-surgeries-abudhabi.html
simple,/std-screening-in-abu-dhabi/,permanent,https://www.elyzee.ae/en/services/general-practice/laboratory-diagnostics/std-screening-abudhabi.html
simple,/stem-cell-procedures-in-abu-dhabi/,permanent,https://www.elyzee.ae/en/services/dermatology/cosmetic-dermatology/stem-cell-procedures-abudhabi.html
simple,/stem-cells-in-abu-dhabi/,permanent,https://www.elyzee.ae/en/services/dermatology/cosmetic-dermatology/stem-cell-procedures-abudhabi.html
simple,/stretch-marks-in-abu-dhabi/,permanent,https://www.elyzee.ae/en/services/dermatology/cosmetic-dermatology/stretch-marks-treatment-abudhabi.html
simple,/suhoor-event-at-the-mandarin-oriental/,permanent,https://www.elyzee.ae/en/news-events/suhoor-event-at-the-mandarin-oriental.html
simple,/surgical-correction-of-genital-prolapse-in-abu-dhabi/,permanent,https://www.elyzee.ae/en/services/obstetrics-and-gynecology/medical-gynecology/genital-prolapse-surgical-correction-abudhabi.html
simple,/surgical-scar-treatment-in-abu-dhabi/,permanent,https://www.elyzee.ae/en/services/dermatology/cosmetic-dermatology/surgical-scar-treatment-abudhabi.html
simple,/tattoo-removal-in-abu-dhabi/,permanent,https://www.elyzee.ae/en/services/laser-treatments/tattoo-removal-abudhabi.html
simple,/teeth-whitening-in-abu-dhabi/,permanent,https://www.elyzee.ae/en/services/
simple,/texas-jaw-chin-procedure-in-abu-dhabi/,permanent,https://www.elyzee.ae/en/services/dermatology/cosmetic-dermatology/texas-jaw-chin-procedure-abudhabi.html
simple,/thigh-lift-in-abu-dhabi/,permanent,https://www.elyzee.ae/en/services/cosmetic-plastic-surgery/body/thigh-lift-thighplasty-abudhabi.html
simple,/thread-lift-in-abu-dhabi/,permanent,https://www.elyzee.ae/en/services/dermatology/cosmetic-dermatology/face-thread-lift-abudhabi.html
simple,/tips-for-maintaining-breast-implants/,permanent,https://www.elyzee.ae/en/insights/tips-for-maintaining-breast-implants.html
simple,/tmj-treatment-in-abu-dhabi/,permanent,https://www.elyzee.ae/en/services/
simple,/ar/tmj-treatment-in-abu-dhabi/,permanent,https://www.elyzee.ae/en/services/
simple,/tooth-restoration-in-abu-dhabi/,permanent,https://www.elyzee.ae/en/services/
simple,/total-abdominal-hysterectomy-in-abu-dhabi/,permanent,https://www.elyzee.ae/en/services/obstetrics-and-gynecology/medical-gynecology/total-abdominal-hysterectomy-abudhabi.html
simple,/understanding-breast-reduction/,permanent,https://www.elyzee.ae/en/insights/understanding-breast-reduction.html
simple,/urology-and-mens-health-in-abu-dhabi/,permanent,https://www.elyzee.ae/en/services/urology-and-mens-health/
simple,/vaginal-anal-bleaching-procedure-in-abu-dhabi/,permanent,https://www.elyzee.ae/en/services/obstetrics-and-gynecology/cosmetic-gynecology/vaginal-anal-bleaching-lightening-abudhabi.html
simple,/vaginal-filler-rejuvenation-in-abu-dhabi/,permanent,https://www.elyzee.ae/en/services/obstetrics-and-gynecology/cosmetic-gynecology/vaginal-filler-rejuvenation-abudhabi.html
simple,/vaginal-tightening-in-abu-dhabi/,permanent,https://www.elyzee.ae/en/services/obstetrics-and-gynecology/cosmetic-gynecology/vaginal-tightening-vaginoplasty-abudhabi.html
simple,/vaser-liposuction-in-abu-dhabi/,permanent,https://www.elyzee.ae/en/services/cosmetic-plastic-surgery/body/vaser-liposuction-abudhabi.html
simple,/veneers-in-abu-dhabi/,permanent,https://www.elyzee.ae/en/services/
simple,/viora-in-abu-dhabi/,permanent,https://www.elyzee.ae/en/services/dermatology/cosmetic-dermatology/viora-rf-skin-tightening-abudhabi.html
simple,/vitiligo-treatment-in-abu-dhabi/,permanent,https://www.elyzee.ae/en/services/
simple,/warts-removal-treatment-in-abu-dhabi/,permanent,https://www.elyzee.ae/en/services/dermatology/medical-dermatology/warts-removal-treatment-abudhabi.html
simple,/welcome-to-elyzee-hospital-dr-mohammed-khamas/,permanent,https://www.elyzee.ae/en/doctors/dr-mohammed-khamas.html
simple,/welcome-to-elyzee-hospital-dr-tawfek-borhan-al-abed/,permanent,https://www.elyzee.ae/en/doctors/dr-tawfek-al-abed.html
simple,/wisdom-tooth-extraction-in-abu-dhabi/,permanent,https://www.elyzee.ae/en/services/
simple,/digital/,permanent,https://www.elyzee.ae/en/contact/
simple,/شفط-الدهون-أو-شد-البطن/,permanent,https://www.elyzee.ae/ar/insights/liposuction-or-tummy-tuck.html
simple,/plastic-surgery-in-abu-dhabi/,permanent,https://www.elyzee.ae/en/services/cosmetic-plastic-surgery/
simple,/cosmetic-gynecology-in-abu-dhabi/,permanent,https://www.elyzee.ae/en/services/obstetrics-and-gynecology/cosmetic-gynecology/
simple,/terms-conditions/,permanent,https://www.elyzee.ae/en/privacy-policy/
simple,/plastic-surgery-in-abu-dhabi-arabic/,permanent,https://www.elyzee.ae/ar/services/cosmetic-plastic-surgery/
simple,/plastic-surgery-in-abu-dhabi-arabic-ba-br/,permanent,https://www.elyzee.ae/ar/services/cosmetic-plastic-surgery/
simple,/dental-clinic-in-abu-dhabi/,permanent,https://www.elyzee.ae/en/services/
simple,/عيادة-أسنان-في-أبو-ظبي/,permanent,https://www.elyzee.ae/ar/services/
simple,/rhinoplasty-nose-job-in-abu-dhabi/,permanent,https://www.elyzee.ae/en/services/ent-and-rhinoplasty/rhinoplasty-abudhabi.html
simple,/glam-24-carat-signature-facials/,permanent,https://www.elyzee.ae/en/services/skin-care-and-cosmetology/gold-facial-abudhabi.html
simple,/tummy-tuck-in-abu-dhabi/,permanent,https://www.elyzee.ae/en/services/cosmetic-plastic-surgery/body/tummy-tuck-abudhabi.html
simple,/best-plastic-surgeons-in-abu-dhabi-dubai/,permanent,https://www.elyzee.ae/en/doctors/
simple,/عيادة-الجلدية-في-أبو-ظبي/,permanent,https://www.elyzee.ae/ar/insights/best-dermatology-clinic-abudhabi.html
simple,/تجميل-الأنف-جراحة-الأنف-في-أبو-ظبي/,permanent,https://www.elyzee.ae/ar/services/ent-and-rhinoplasty/rhinoplasty-abudhabi.html
simple,/شفط-الدهون-في-أبو-ظبي/,permanent,https://www.elyzee.ae/ar/services/cosmetic-plastic-surgery/body/liposuction-abudhabi.html
simple,/اجراءات-الثدي-بأبوظبي/,permanent,https://www.elyzee.ae/ar/services/cosmetic-plastic-surgery/breast/
simple,/شد-البطن-بأبوظبي/,permanent,https://www.elyzee.ae/ar/services/cosmetic-plastic-surgery/body/tummy-tuck-abudhabi.html
simple,/تجميل-الأنف-بأبوظبي/,permanent,https://www.elyzee.ae/ar/services/ent-and-rhinoplasty/rhinoplasty-abudhabi.html
simple,/شد-الرقبة-بأبوظبي/,permanent,https://www.elyzee.ae/ar/services/cosmetic-plastic-surgery/face/neck-lift-abudhabi.html
simple,/شد-الجسم-في-أبوظبي/,permanent,https://www.elyzee.ae/ar/services/cosmetic-plastic-surgery/body/body-lift-abudhabi.html
simple,/تجميل-ما-بعد-الأمومة-في-أبوظبي/,permanent,https://www.elyzee.ae/en/services/cosmetic-plastic-surgery/body/mommy-makeover-abudhabi.html
simple,/نحت-الجسم-بأبوظبي/,permanent,https://www.elyzee.ae/ar/services/cosmetic-plastic-surgery/body/liposculpture-high-definition-body-contouring-abudhabi.html
simple,/شد-الوجه-في-أبوظبي/,permanent,https://www.elyzee.ae/ar/services/cosmetic-plastic-surgery/face/facelift-rhytidectomy-abudhabi.html
simple,/الذقن-المزدوجة-في-أبوظبي/,permanent,https://www.elyzee.ae/ar/services/cosmetic-plastic-surgery/face/double-chin-treatment-abudhabi.html
simple,/التثدي-بأبوظبي/,permanent,https://www.elyzee.ae/ar/services/cosmetic-plastic-surgery/breast/gynecomastia-abudhabi.html
simple,/تجميل-الجفن-في-أبوظبي/,permanent,https://www.elyzee.ae/ar/services/ent-and-rhinoplasty/blepharoplasty-eyelid-lift-surgery-abudhabi.html
simple,/رأب-الأذن-في-أبوظبي/,permanent,https://www.elyzee.ae/ar/services/ent-and-rhinoplasty/otoplasty-ear-reshaping-abudhabi.html
simple,/شد-الوجه-بالخيوط-في-أبوظبي/,permanent,https://www.elyzee.ae/ar/services/dermatology/cosmetic-dermatology/face-thread-lift-abudhabi.html
simple,/التقشير-الكيميائي-في-أبوظبي/,permanent,https://www.elyzee.ae/ar/services/dermatology/cosmetic-dermatology/chemical-peel-abudhabi.html
simple,/الفيلر-في-أبوظبي/,permanent,https://www.elyzee.ae/ar/services/dermatology/cosmetic-dermatology/fillers-abudhabi.html
simple,/نحت-الفك-في-أبوظبي/,permanent,https://www.elyzee.ae/ar/services/dermatology/cosmetic-dermatology/jawline-contouring-abudhabi.html
simple,/علاج-ندبات-حب-الشباب-بأبوظبي/,permanent,https://www.elyzee.ae/ar/services/dermatology/cosmetic-dermatology/acne-scar-treatment-abudhabi.html
simple,/حقن-المؤخرة-بأبوظبي/,permanent,https://www.elyzee.ae/ar/services/cosmetic-plastic-surgery/body/buttock-augmentation-abudhabi.html
simple,/علاج-تساقط-الشعر-في-أبوظبي/,permanent,https://www.elyzee.ae/ar/services/dermatology/cosmetic-dermatology/hair-loss-treatment-abudhabi.html
simple,/علاج-السيلوليت-بأبوظبي/,permanent,https://www.elyzee.ae/ar/services/dermatology/cosmetic-dermatology/cellulite-treatment-abudhabi.html
simple,/الميزوثيرابي-في-أبوظبي/,permanent,https://www.elyzee.ae/ar/services/dermatology/cosmetic-dermatology/mesotherapy-abudhabi.html
simple,/تصبغ-البشرة-في-ابوظبي/,permanent,https://www.elyzee.ae/ar/services/dermatology/cosmetic-dermatology/pigmentation-treatment-abudhabi.html
simple,/تجديد-الجلد-في-أبوظبي/,permanent,https://www.elyzee.ae/ar/services/dermatology/cosmetic-dermatology/skin-rejuvenation-abudhabi.html
simple,/علامات-تمدد-الجلد-في-أبوظبي/,permanent,https://www.elyzee.ae/ar/services/dermatology/cosmetic-dermatology/stretch-marks-treatment-abudhabi.html
simple,/الهالات-السوداء-في-أبوظبي/,permanent,https://www.elyzee.ae/ar/services/dermatology/cosmetic-dermatology/dark-circle-procedure-abudhabi.html
simple,/البروفيلو-بأبوظبي/,permanent,https://www.elyzee.ae/ar/services/dermatology/cosmetic-dermatology/profhilo-injections-abudhabi.html
simple,/حقن-السكلبترا-في-أبوظبي/,permanent,https://www.elyzee.ae/ar/services/dermatology/cosmetic-dermatology/sculptra-procedure-abudhabi.html
simple,/تقشير-الجلد-في-أبوظبي/,permanent,https://www.elyzee.ae/ar/services/skin-care-and-cosmetology/skin-peeling-procedures-abudhabi.html
simple,/تجديد-جلد-اليدين-في-أبوظبي/,permanent,https://www.elyzee.ae/ar/services/dermatology/cosmetic-dermatology/hand-rejuvenation-abudhabi.html
simple,/منشطات-البشرة-في-أبوظبي/,permanent,https://www.elyzee.ae/en/services/dermatology/cosmetic-dermatology/skin-booster-treatments-abudhabi.html
simple,/افضل-دكتور-جلدية-في-أبوظبي/,permanent,https://www.elyzee.ae/ar/insights//best-dermatologist-in-abudhabi.html
simple,/طاقم-جراحة-التجميل-في-أبوظبي-و-دبي-المو/,permanent,https://www.elyzee.ae/ar/insights/best-plastic-surgeons-in-abudhabi.html
simple,/خدمات-التجميل-النسائي-في-ابوظبي/,permanent,https://www.elyzee.ae/ar/services/obstetrics-and-gynecology/cosmetic-gynecology/
simple,/عملية-تجميل-الأنف-في-أبو-ظبي/,permanent,https://www.elyzee.ae/en/services/ent-and-rhinoplasty/rhinoplasty-abudhabi.html
simple,/dr-miguel-gomez-bravo.html,permanent,https://www.elyzee.ae/en/doctors/dr-miguel-bravo.html
simple,/ar/dr-hamda-marzooqi/,permanent,https://www.elyzee.ae/ar/doctors/dr-hamda-al-marzoqi.html
simple,/dr-muqdad-al-hammadi,permanent,https://www.elyzee.ae/en/doctors/dr-muqdad-al-hammadi.html
simple,/ar/hydrafacial-procedure-in-abu-dhabi/,permanent,https://www.elyzee.ae/ar/services/skin-care-and-cosmetology/hydrafacial-abudhabi.html
simple,/ar/hemorrhoids-treatment-with-hal-rar/,permanent,https://www.elyzee.ae/ar/services/general-surgery/hemorrhoids-treatment-with-hal-rar-procedure-abudhabi.html
simple,/ar/dr-ahmad-al-macchour/,permanent,https://www.elyzee.ae/ar/doctors/dr-ahmed-al-machhour.html
simple,/ar/dr-emad-ed-dannan/,permanent,https://www.elyzee.ae/ar/doctors/dr-emad-el-danan.html
simple,/welcome-to-elyzee-hospital-dr-mawaheb-al-wedami/,permanent,https://www.elyzee.ae/en/doctors/
simple,/ar/welcome-to-elyzee-hospital-dr-mawaheb-al-wedami/,permanent,https://www.elyzee.ae/ar/doctors/
simple,/specialty/dermatology/,permanent,https://www.elyzee.ae/en/services/dermatology/
simple,/ar/specialty/dermatology/,permanent,https://www.elyzee.ae/ar/services/dermatology/
simple,/specialty/plastic-surgery/,permanent,https://www.elyzee.ae/en/services/cosmetic-plastic-surgery/
simple,/home,permanent,https://www.elyzee.ae/en/
simple,/home/,permanent,https://www.elyzee.ae/en/
simple,/ar/dr-roseli-cardinali/,permanent,https://www.elyzee.ae/en/doctors/dr-roseli-cardinali.html
simple,/ar/المدونة/2/,permanent,https://www.elyzee.ae/en/insights/
simple,/ar/blogs/2/,permanent,https://www.elyzee.ae/en/insights/
simple,/welcome-to-elyzee-hospital-dr-nagham-al-karagholli/,permanent,https://www.elyzee.ae/en/doctors/
simple,/ar/endoscopic-eyebrow-lift-in-abu-dhabi/,permanent,https://www.elyzee.ae/ar/services/ent-and-rhinoplasty/endoscopic-eyebrow-lift-abudhabi.html
simple,/category/community/,permanent,https://www.elyzee.ae/en/
,/en/services/cosmetic-plastic-surgery/face/double-chin-treatment.html,,https://www.elyzee.ae/en/services/cosmetic-plastic-surgery/face/double-chin-treatment-abudhabi.html
,/en/services/dermatology/cosmetic-dermatology/stretch-marks-treatment.html,,https://www.elyzee.ae/en/services/dermatology/cosmetic-dermatology/stretch-marks-treatment-abudhabi.html
,/doctors/dr-miguel-gomez-bravo/,,https://www.elyzee.ae/en/doctors/dr-miguel-bravo.html
,/ar/doctors/dr-alexander-aslani/,,https://www.elyzee.ae/en/doctors/
,/ar/dr-harith-zaidan/,,https://www.elyzee.ae/ar/doctors/dr-harith-zaidan.html
,/en/our-doctors/,,https://www.elyzee.ae/en/doctors/
,/ar/microneedling-in-abu-dhabi/,,https://www.elyzee.ae/ar/services/dermatology/cosmetic-dermatology/microneedling-abudhabi.html
,/category/rhinoplasty/,,https://www.elyzee.ae/en/services/ent-and-rhinoplasty/rhinoplasty-abudhabi.html
,/contact/,,https://www.elyzee.ae/en/contact/
,/doctors/dr-mawaheb-al-wedami/,,https://www.elyzee.ae/en/doctors/
,/ar/breast-augmentation-in-abu-dhabi/,,https://www.elyzee.ae/ar/services/cosmetic-plastic-surgery/body/buttock-augmentation-abudhabi.html
,/doctors/dr-yezhisai-anbazhagan/,,https://www.elyzee.ae/en/doctors/
,/ar/services/cosmetic-plastic-surgery/face/facelift-rhytidectomy.html,,https://www.elyzee.ae/ar/services/cosmetic-plastic-surgery/face/facelift-rhytidectomy-abudhabi.html
,/en/services/iv-drip-therapy/nad-ivdrips-abudhabi.html,,https://www.elyzee.ae/en/services/general-practice/iv-drip-therapy-abudhabi.html
,/ar/category/rhinoplasty/,,https://www.elyzee.ae/ar/services/ent-and-rhinoplasty/rhinoplasty-abudhabi.html
,/ar/ellacor-non-surgical-sagging-skin-treatment/,,https://www.elyzee.ae/ar/insights/ellacor-non-surgical-sagging-skin-treatment.html
,/2024-cost-of-tummy-tuck-in-uae/,,https://www.elyzee.ae/en/services/cosmetic-plastic-surgery/body/tummy-tuck-abudhabi.html
,/ar/services/iv-drip-therapy/anti-stress-booster-abudhabi.html,,https://www.elyzee.ae/ar/services/general-practice/iv-drip-therapy-abudhabi.html
,/dr-emad-ed-dannan,,https://www.elyzee.ae/en/doctors/dr-emad-el-danan.html
,/ar/mesotheraphy-in-abu-dhabi/,,https://www.elyzee.ae/ar/services/dermatology/cosmetic-dermatology/mesotherapy-abudhabi.html
,/ar/dr-paulo-michels/,,https://www.elyzee.ae/ar/doctors/dr-paulo-michels.html
,/hospital/elyzee-hospital/,,https://www.elyzee.ae/en/
,/doctors/dr-asmaa-mahmoud/,,https://www.elyzee.ae/ar/doctors/
,/offers/,,https://www.elyzee.ae/en/offers/
,/ar/services/cosmetic-plastic-surgery/face/neck-lift.html,,https://www.elyzee.ae/ar/services/cosmetic-plastic-surgery/face/neck-lift-abudhabi.html
,/ar/nasal-and-sinus-surgeries-in-abu-dhabi/,,https://www.elyzee.ae/ar/services/ent-and-rhinoplasty/nasal-sinus-surgery-abudhabi.html
,/ar/dr-muqdad-al-hammadi/,,https://www.elyzee.ae/ar/doctors/dr-muqdad-al-hammadi.html
,/en/vaser-liposuction-in-abu-dhabi/index.html,,https://www.elyzee.ae/en/services/cosmetic-plastic-surgery/body/vaser-liposuction-abudhabi.html
,/ar/كيفية-اختيار-جراح-التجميل-المناسب-لعملية-شد-البطن/index.html,,https://www.elyzee.ae/ar/insights/everything-you-need-to-know-about-tummy-tuck.html
,/ar/doctors/dr-asmaa-mahmoud/,,https://www.elyzee.ae/ar/doctors/
,/ar/dr-samer-habre/,,https://www.elyzee.ae/ar/doctors/
,/how-to-choose-the-right-plastic-surgeon-for-breast-surgery/feed/,,https://www.elyzee.ae/en/insights/how-to-choose-the-right-plastic-surgeon-for-breast-surgery.html
,/ar/services/iv-drip-therapy/memory-booster-drip-abudhabi.html,,https://www.elyzee.ae/en/services/general-practice/iv-drip-therapy-abudhabi.html
,/ar/dr-alexander-aslanis-exclusive-visit-to-elyzee-hospital-in-abu-dhabi-in-2024/,,https://www.elyzee.ae/ar/news-events/
,/en/services/iv-drip-therapy/amino-plus-drip-abudhabi.html,,https://www.elyzee.ae/en/services/general-practice/iv-drip-therapy-abudhabi.html
,/en/services/cosmetic-plastic-surgery/face/facelift-rhytidectomy.html,,https://www.elyzee.ae/en/services/cosmetic-plastic-surgery/face/facelift-rhytidectomy-abudhabi.html
,/2023/12/27/,,https://www.elyzee.ae/en/
,/ar/everything-you-need-to-know-about-tummy-tuck/,,https://www.elyzee.ae/ar/insights/everything-you-need-to-know-about-tummy-tuck.html
,/ar/periodontal-plastic-surgery-in-abu-dhabi/,,https://www.elyzee.ae/en/services/
,/ar/wisdom-tooth-extraction-in-abu-dhabi/,,https://www.elyzee.ae/en/services/
,/ar/hair-bleaching-in-abu-dhabi/,,https://www.elyzee.ae/en/services/
,/ar/dental-bridges-in-abu-dhabi/,,https://www.elyzee.ae/en/services/
,/ar/sculpted-podcast-episode-02-with-dr-marwan-youssef/,,https://www.elyzee.ae/en/doctors/dr-marwan-youssef.html
,/ar/j-plasma-in-abu-dhabi/,,https://www.elyzee.ae/en/services/cosmetic-plastic-surgery/body/renuvion-j-plasma-skin-tightening-abudhabi.html
,/ar/std-screening-in-abu-dhabi/,,https://www.elyzee.ae/en/services/general-practice/laboratory-diagnostics/std-screening-abudhabi.html
,/insurance,,https://www.elyzee.ae/en/insurance/
,/ar/services/iv-drip-therapy/mini-energy-booster-ivdrip-abudhabi.html,,https://www.elyzee.ae/en/services/general-practice/iv-drip-therapy-abudhabi.html
,/ar/myomectomy-in-abu-dhabi/,,https://www.elyzee.ae/ar/services/obstetrics-and-gynecology/medical-gynecology/myomectomy-abudhabi.html
,/ar/buttock-augmentation-in-abu-dhabi/,,https://www.elyzee.ae/ar/services/cosmetic-plastic-surgery/body/buttock-augmentation-abudhabi.html
,/ar/vaginal-tightening-in-abu-dhabi/,,https://www.elyzee.ae/ar/services/obstetrics-and-gynecology/cosmetic-gynecology/vaginal-tightening-vaginoplasty-abudhabi.html
,/ar/medical-or-surgical-mole-mapping-in-abu-dhabi/,,https://www.elyzee.ae/ar/services/dermatology/medical-dermatology/medical-surgical-mole-mapping-abudhabi.html
,/ar/doctors/dr-ahmad-saad/,,https://www.elyzee.ae/ar/doctors/
,/ar/doctors/dr-mawaheb-al-wedami/,,https://www.elyzee.ae/ar/doctors/
,/ar/doctors/dr-yezhisai-anbazhagan/,,https://www.elyzee.ae/ar/doctors/
,/ar/facial-for-men-in-abu-dhabi/,,https://www.elyzee.ae/ar/services/skin-care-and-cosmetology/facials-for-men-abudhabi.html
,/ar/doctors/dr-ahmed-al-khatib/,,https://www.elyzee.ae/ar/doctors/dr-ahmed-al-khatib.html
,/ar/minimal-invasive-lipo-abdominoplasty-in-abu-dhabi/,,https://www.elyzee.ae/ar/services/cosmetic-plastic-surgery/body/mila-minimal-invasive-lipo-abdominoplasty-abudhabi.html
,/ar/skin-tightening-procedures-in-abu-dhabi/,,https://www.elyzee.ae/ar/services/cosmetic-plastic-surgery/body/renuvion-j-plasma-skin-tightening-abudhabi.html
,/ar/glucose-tolerance-test-in-abu-dhabi/,,https://www.elyzee.ae/ar/services/general-practice/laboratory-diagnostics/glucose-tolerance-test-gtt-abudhabi.html
,/ar/stretch-marks-in-abu-dhabi/,,https://www.elyzee.ae/ar/services/dermatology/cosmetic-dermatology/stretch-marks-treatment-abudhabi.html
,/ar/doctors/dr-hiam-jabalee/,,https://www.elyzee.ae/ar/doctors/dr-hiam-jablee.html
,/ar/doctors/mariia-oleksyk/,,https://www.elyzee.ae/ar/doctors/ms-mariia-oleksyk.html
,/pharmacy,,https://www.elyzee.ae/en/pharmacy/
,/en/services/dermatology/cosmetic-dermatology/sculptra-procedure.html,,https://www.elyzee.ae/en/services/dermatology/cosmetic-dermatology/sculptra-procedure-abudhabi.html
,/ar/services/dermatology/cosmetic-dermatology/stretch-marks-treatment.html,,https://www.elyzee.ae/ar/services/dermatology/cosmetic-dermatology/stretch-marks-treatment-abudhabi.html
,/ar/services/cosmetic-plastic-surgery/face/double-chin-treatment.html,,https://www.elyzee.ae/ar/services/cosmetic-plastic-surgery/face/double-chin-treatment-abudhabi.html
,/ar/services/cosmetic-plastic-surgery/breast/gynecomastia.html,,https://www.elyzee.ae/ar/services/cosmetic-plastic-surgery/breast/gynecomastia-abudhabi.html
,/stretch-marks-in-abu-dhabi/,,https://www.elyzee.ae/en/services/dermatology/cosmetic-dermatology/stretch-marks-treatment-abudhabi.html
,/ar/services/dermatology/cosmetic-dermatology/sculptra-procedure.html,,https://www.elyzee.ae/ar/services/dermatology/cosmetic-dermatology/sculptra-procedure-abudhabi.html
,/ar/cellulite-treatment-in-abu-dhabi/,,https://www.elyzee.ae/ar/services/dermatology/cosmetic-dermatology/cellulite-treatment-abudhabi.html
,/ar/rectocele-repair-in-abu-dhabi/,,https://www.elyzee.ae/ar/services/obstetrics-and-gynecology/medical-gynecology/rectocele-repair-abudhabi.html
,/ar/urology-and-mens-health-in-abu-dhabi/,,https://www.elyzee.ae/ar/services/urology-and-mens-health/
,/ar/2024/11/29/index.html,,https://www.elyzee.ae/ar/
,/ar/insights/index.html,,https://www.elyzee.ae/ar/insights/
,/ar/فئة/جراحة-الثدي/index.html,,https://www.elyzee.ae/ar/insights/
,/ar/mommy-makeover-in-abu-dhabi/,,https://www.elyzee.ae/ar/services/cosmetic-plastic-surgery/body/mommy-makeover-abudhabi.html
,/ar/كل-ما-تحتاج-إلى-معرفته-عن-عملية-تكبير-الثدي/index.html,,https://www.elyzee.ae/ar/insights/everything-you-need-to-know-about-breast-augmentation.html
,/ar/ترتيبات-ما-بعد-الولادة-في-أبو-ظبي/index.html,,https://www.elyzee.ae/ar/services/general-practice/post-operative-care-abudhabi.html
,/ar/كيفية-العثور-على-جراح-التجميل-المناسب-في-أبوظبي/index.html,,https://www.elyzee.ae/ar/insights/how-to-find-the-right-plastic-surgeon-in-abu-dhabi.html
,/ar/pregnancy-testing-in-abu-dhabi/,,https://www.elyzee.ae/ar/services/obstetrics-and-gynecology/medical-gynecology/pregnancy-test-abudhabi.html
,/ar/microblading-in-abu-dhabi/,,https://www.elyzee.ae/en/services/dermatology/cosmetic-dermatology/microblading-abudhabi.html
,/ar/about-elyzee-hospital/,,https://www.elyzee.ae/ar/about/
,/ar/comprehensive-guide-to-rhinoplasty-recovery/,,https://www.elyzee.ae/ar/insights/comprehensive-guide-to-rhinoplasty-recovery.html
,/ar/doctors/prof-dr-abdulbaqi-alkhatib/,,https://www.elyzee.ae/ar/doctors/dr-abdulbaqi-al-khatib.html
,/ar/carbon-peel-facial-in-abu-dhabi/,,https://www.elyzee.ae/ar/services/skin-care-and-cosmetology/carbon-peel-facial-abudhabi.html
,/en/how-to-find-the-right-plastic-surgeon-in-abu-dhabi/index.html,,https://www.elyzee.ae/en/insights/how-to-find-the-right-plastic-surgeon-in-abu-dhabi.html
,/en/services/rhinoplasty/,,https://www.elyzee.ae/en/services/ent-and-rhinoplasty/rhinoplasty-abudhabi.html
,/ar/doctors/dr-roseli-cardinali/,,https://www.elyzee.ae/ar/doctors/dr-roseli-cardinali.html
,/ar/drug-screening-in-abu-dhabi/,,https://www.elyzee.ae/ar/services/
,/en/services/index.html,,https://www.elyzee.ae/en/services/
,/ar/orthodontics-in-abu-dhabi/,,https://www.elyzee.ae/ar/services/
,/ar/lip-flip-in-abu-dhabi/,,https://www.elyzee.ae/ar/services/dermatology/cosmetic-dermatology/lip-flip-filler-abudhabi.html
,/ar/الخدمات/index.html,,https://www.elyzee.ae/ar/services/
,/ar/welcome-to-elyzee-hospital-dr-nagham-al-karagholli/,,https://www.elyzee.ae/ar/doctors/
,/ar/midfacelift-in-abu-dhabi/,,https://www.elyzee.ae/ar/services/cosmetic-plastic-surgery/face/midfacelift-abudhabi.html
,/offers,,https://www.elyzee.ae/en/offers/
,/ar/rhinoplasty-mistakes-to-avoid/,,https://www.elyzee.ae/ar/insights/rhinoplasty-mistakes-to-avoid.html
,/ar/dark-circle-procedure-in-abu-dhabi/,,https://www.elyzee.ae/ar/services/dermatology/cosmetic-dermatology/dark-circle-procedure-abudhabi.html
,/ar/perineal-repair-in-abu-dhabi/,,https://www.elyzee.ae/ar/services/obstetrics-and-gynecology/medical-gynecology/perineal-repair-abudhabi.html
,/ar/surgical-scar-treatment-in-abu-dhabi/,,https://www.elyzee.ae/ar/services/dermatology/cosmetic-dermatology/surgical-scar-treatment-abudhabi.html
,/ar/شفط-الدهون-بالفيزر-في-أبو-ظبي/index.html,,https://www.elyzee.ae/ar/services/cosmetic-plastic-surgery/body/vaser-liposuction-abudhabi.html
,/ar/doctors/dr-oday-shawahneh/,,https://www.elyzee.ae/ar/doctors/
,/ar/deep-cleansing-facial-in-abu-dhabi/,,https://www.elyzee.ae/ar/services/skin-care-and-cosmetology/deep-cleansing-facial-abudhabi.html
,/ar/doctors/prof-dr-abdulbaqi-alkhatib/,,https://www.elyzee.ae/ar/doctors/dr-abdulbaqi-al-khatib.html
,/ar/شفط-الدهون-في-أبو-ظبي/index.html,,https://www.elyzee.ae/ar/services/cosmetic-plastic-surgery/body/liposuction-abudhabi.html
,/ar/open-eye-technique-procedure-in-abu-dhabi/,,https://www.elyzee.ae/ar/services/dermatology/cosmetic-dermatology/open-eye-technique-procedure-abudhabi.html
,/ar/specialty/ent/,,https://www.elyzee.ae/ar/services/ent-and-rhinoplasty/
,/ar/stem-cell-procedures-in-abu-dhabi/,,https://www.elyzee.ae/ar/services/dermatology/cosmetic-dermatology/stem-cell-procedures-abudhabi.html
,/ar/lpg-endermologie-treatment-in-abu-dhabi/,,https://www.elyzee.ae/ar/services/slimming-and-weight-loss/lpg-endermologie-treatment-abudhabi.html
,/ar/butt-fillers-in-abu-dhabi/,,https://www.elyzee.ae/ar/services/dermatology/cosmetic-dermatology/butt-filler-procedure-abudhabi.html
,/booking,,https://www.elyzee.ae/en/book-appointment/
,/doctors/dr-branka-adzic/,,https://www.elyzee.ae/ar/doctors/
,/ar/doctors/dr-emad-ed-dannan/,,https://www.elyzee.ae/ar/doctors/dr-emad-el-danan.html
,/ar/co2re-fractional-laser-in-abu-dhabi/,,https://www.elyzee.ae/ar/services/dermatology/cosmetic-dermatology/co2re-fractional-laser-abudhabi.html
,/ar/everything-you-need-to-know-about-liposuction/,,https://www.elyzee.ae/ar/insights/everything-you-need-to-know-about-liposuction.html
,/ar/pap-smear-hpv-test/,,https://www.elyzee.ae/ar/services/obstetrics-and-gynecology/medical-gynecology/pap-smear-hpv-test-abudhabi.html
,/ar/محتوى-الفسفور-الابيض/تحميل/2023/08/صالة-اليزى,,https://www.elyzee.ae/ar/
,/ar/gold-facial-procedure-in-abu-dhabi/,,https://www.elyzee.ae/ar/services/skin-care-and-cosmetology/gold-facial-abudhabi.html
,/ar/الأطباء/dr-ahmad-saad/,,https://www.elyzee.ae/ar/doctors/
,/category/rhinoplasty/feed/,,https://www.elyzee.ae/ar/services/ent-and-rhinoplasty/rhinoplasty-abudhabi.html
,/doctors/dr-branka-adzic,,https://www.elyzee.ae/ar/doctors/
,/doctors/dr-masab-moumneh/,,https://www.elyzee.ae/ar/doctors/
,/ar/doctors/dr-zlatina-mineva/,,https://www.elyzee.ae/ar/doctors/dr-zlatina-mineva.html
,/ar/how-to-find-the-right-plastic-surgeon-in-abu-dhabi/,,https://www.elyzee.ae/ar/insights/how-to-find-the-right-plastic-surgeon-in-abu-dhabi.html
,/ar/elyzee-hospital-new-location/,,https://www.elyzee.ae/ar/contact/
,/ar/ear-reshaping-surgery-in-abu-dhabi/,,https://www.elyzee.ae/ar/services/ent-and-rhinoplasty/otoplasty-ear-reshaping-abudhabi.html
,/ar/o-shot-procedure-in-abu-dhabi/,,https://www.elyzee.ae/ar/services/obstetrics-and-gynecology/cosmetic-gynecology/oshot-prp-abudhabi.html
,/ar/ectopic-pregnancy-in-abu-dhabi/,,https://www.elyzee.ae/ar/services/obstetrics-and-gynecology/medical-gynecology/ectopic-pregnancy-treatment-abudhabi.html
,/ar/botox-hair-loss-treatment-in-abu-dhabi/,,https://www.elyzee.ae/ar/services/dermatology/cosmetic-dermatology/botox-hair-loss-treatment-abudhabi.html
,/ar/mesotherapy-in-abu-dhabi/,,https://www.elyzee.ae/ar/services/dermatology/cosmetic-dermatology/mesotherapy-abudhabi.html
,/ar/thigh-lift-in-abu-dhabi/,,https://www.elyzee.ae/ar/services/cosmetic-plastic-surgery/body/thigh-lift-thighplasty-abudhabi.html
,/ar/our-doctors/,,https://www.elyzee.ae/ar/doctors/
,/ar/skin-infections-in-abu-dhabi/,,https://www.elyzee.ae/ar/services/dermatology/medical-dermatology/skin-infection-treatment-abudhabi.html
,/ar/russian-lips-procedure-in-abu-dhabi/,,https://www.elyzee.ae/ar/services/dermatology/cosmetic-dermatology/russian-lips-procedure-abudhabi.html
,/ar/doctors/dr-marwan-youssef/,,https://www.elyzee.ae/ar/doctors/dr-marwan-youssef.html
,/ar/welcome-to-elyzee-hospital-dr-tawfek-borhan-al-abed/,,https://www.elyzee.ae/ar/doctors/dr-tawfek-al-abed.html
,/drug-screening-in-abu-dhabi/,,https://www.elyzee.ae/ar/services/
,/ar/nano-graft-in-abu-dhabi/,,https://www.elyzee.ae/ar/services/cosmetic-plastic-surgery/body/nano-graft-abudhabi.html
,/ar/doctors/dr-rasha-abuobayda/,,https://www.elyzee.ae/ar/doctors/dr-rasha-abu-obida.html
,/ar/atopic-dermatitis-eczema-in-abu-dhabi/,,https://www.elyzee.ae/ar/services/dermatology/medical-dermatology/atopic-dermatitis-eczema-treatment-abudhabi.html
,/ar/jawline-contouring-pocedure-in-abu-dhabi/,,https://www.elyzee.ae/ar/services/dermatology/cosmetic-dermatology/jawline-contouring-abudhabi.html
,/ar/vaginal-anal-bleaching-procedure-in-abu-dhabi/,,https://www.elyzee.ae/ar/services/obstetrics-and-gynecology/cosmetic-gynecology/vaginal-anal-bleaching-lightening-abudhabi.html
,/ar/gynecomastia-in-abu-dhabi/,,https://www.elyzee.ae/ar/services/cosmetic-plastic-surgery/breast/gynecomastia-abudhabi.html
,/doctors/dr-nasser-mohrah/,,https://www.elyzee.ae/ar/doctors/
,/ar/pigmentation-procedure-in-abu-dhabi/,,https://www.elyzee.ae/ar/services/dermatology/cosmetic-dermatology/pigmentation-treatment-abudhabi.html
,/ar/scalp-threads-in-abu-dhabi/,,https://www.elyzee.ae/ar/services/dermatology/cosmetic-dermatology/scalp-threads-abudhabi.html
,/ar/skin-cancer-screenings-in-abu-dhabi/,,https://www.elyzee.ae/ar/services/
,/ar/doctors/dr-niveen-hussein/,,https://www.elyzee.ae/ar/doctors/dr-niveen-hussein.html
,/ar/labia-fillers-procedure-in-abu-dhabi/,,https://www.elyzee.ae/ar/services/obstetrics-and-gynecology/cosmetic-gynecology/labia-fillers-abudhabi.html
,/ar/minimally-invasive-lipoabdominoplasty-guide/,,https://www.elyzee.ae/ar/insights/minimally-invasive-lipoabdominoplasty-guide.html
,/ar/sculpted-podcast-e01-with-dr-mohammed-khamas/,,https://www.elyzee.ae/ar/doctors/dr-mohammed-khamas.html
,/ar/doctors/dr-mais-al-karmi/,,https://www.elyzee.ae/ar/doctors/dr-mais-al-karmi.html
,/ar/breast-reconstruction-in-abu-dhabi/,,https://www.elyzee.ae/ar/services/cosmetic-plastic-surgery/breast/breast-reconstruction-abudhabi.html
,/en/services/iv-drip-therapy/anti-stress-booster-abudhabi.html,,https://www.elyzee.ae/ar/services/general-practice/iv-drip-therapy-abudhabi.html
,/en/digital/,,https://www.elyzee.ae/en/contact/
,/ar/smart-capsules-in-abu-dhabi/,,https://www.elyzee.ae/ar/services/slimming-and-weight-loss/smart-capsules-procedure-abudhabi.html
,/ar/rosacea-procedures-in-abu-dhabi/,,https://www.elyzee.ae/en/services/dermatology/medical-dermatology/rosacea-treatment-abudhabi.html
,/cost-of-breast-augmentation-in-uae/,,https://www.elyzee.ae/ar/insights/everything-you-need-to-know-about-breast-augmentation.html
,/cost-of-nose-surgery-in-uae/,,https://www.elyzee.ae/ar/insights/everything-you-need-to-know-about-rhinoplasty.html
,/ar/blood-donation-day/,,https://www.elyzee.ae/en/news-events/
,/ar/neck-lift-in-abu-dhabi/,,https://www.elyzee.ae/ar/services/cosmetic-plastic-surgery/face/neck-lift-abudhabi.html
,/everything-you-need-to-know-about-breast-augmentation/feed/,,https://www.elyzee.ae/ar/insights/everything-you-need-to-know-about-breast-augmentation.html
,/doctors/dr-batoul-reffai/,,https://www.elyzee.ae/en/doctors/
,/ar/stem-cells-in-abu-dhabi/,,https://www.elyzee.ae/ar/services/dermatology/cosmetic-dermatology/stem-cell-procedures-abudhabi.html
,/ar/adnexal-mass-in-abu-dhabi/,,https://www.elyzee.ae/ar/services/obstetrics-and-gynecology/medical-gynecology/adnexal-mass-treatment-abudhabi.html
,/services/rhinoplasty/,,https://www.elyzee.ae/ar/services/ent-and-rhinoplasty/rhinoplasty-abudhabi.html
,/ar/invisalign-braces-treatment-in-abu-dhabi/,,https://www.elyzee.ae/ar/services/
,/appointments,,https://www.elyzee.ae/en/book-appointment/
,/ar/digital/,,https://www.elyzee.ae/en/contact/
,/ar/elyzee-hospital-dr-b-clinic-partnership/,,https://www.elyzee.ae/en/news-events/
,/ar/يوم-التبرع-بالدم/,,https://www.elyzee.ae/en/news-events/
,/pharmacy/,,https://www.elyzee.ae/en/pharmacy/
,/cost-of-gynecomastia-in-uae/,,https://www.elyzee.ae/ar/services/cosmetic-plastic-surgery/breast/gynecomastia-abudhabi.html
,/contact,,https://www.elyzee.ae/en/contact/
,/careers,,https://www.elyzee.ae/en/careers/
,/ar/warts-removal-treatment-in-abu-dhabi/,,https://www.elyzee.ae/ar/services/dermatology/medical-dermatology/warts-removal-treatment-abudhabi.html
,/2024-cost-of-liposuction-in-uae/,,https://www.elyzee.ae/ar/services/cosmetic-plastic-surgery/body/liposuction-abudhabi.html
,/services,,https://www.elyzee.ae/en/services/
,/ar/g-spot-procedure-in-abu-dhabi/,,https://www.elyzee.ae/ar/services/obstetrics-and-gynecology/cosmetic-gynecology/gspot-procedure-gshot-abudhabi.html
,/ar/understanding-breast-reduction/,,https://www.elyzee.ae/ar/insights/understanding-breast-reduction.html
,/category/breast-surgery/feed/,,https://www.elyzee.ae/ar/services/cosmetic-plastic-surgery/breast/