slug,redirector
/ar/عيادة-أسنان-في-أبو-ظبي/,https://www.elyzee.ae/ar/services/
/ar/عيادة-الجلدية-في-أبو-ظبي/,https://www.elyzee.ae/ar/insights/best-dermatology-clinic-abudhabi.html
/ar/تجميل-الأنف-جراحة-الأنف-في-أبو-ظبي/,https://www.elyzee.ae/ar/services/ent-and-rhinoplasty/rhinoplasty-abudhabi.html
/ar/شفط-الدهون-في-أبو-ظبي/,https://www.elyzee.ae/ar/services/cosmetic-plastic-surgery/body/liposuction-abudhabi.html
/ar/اجراءات-الثدي-بأبوظبي/,https://www.elyzee.ae/ar/services/cosmetic-plastic-surgery/breast/
/ar/شد-البطن-بأبوظبي/,https://www.elyzee.ae/ar/services/cosmetic-plastic-surgery/body/tummy-tuck-abudhabi.html
/ar/تجميل-الأنف-بأبوظبي/,https://www.elyzee.ae/ar/services/ent-and-rhinoplasty/rhinoplasty-abudhabi.html
/ar/شد-الرقبة-بأبوظبي/,https://www.elyzee.ae/ar/services/cosmetic-plastic-surgery/face/neck-lift-abudhabi.html
/ar/شد-الجسم-في-أبوظبي/,https://www.elyzee.ae/ar/services/cosmetic-plastic-surgery/body/body-lift-abudhabi.html
/ar/تجميل-ما-بعد-الأمومة-في-أبوظبي/,https://www.elyzee.ae/en/services/cosmetic-plastic-surgery/body/mommy-makeover-abu-dhabi.html
/ar/نحت-الجسم-بأبوظبي/,https://www.elyzee.ae/ar/services/cosmetic-plastic-surgery/body/liposculpture-high-definition-body-contouring-abudhabi.html
/ar/شد-الوجه-في-أبوظبي/,https://www.elyzee.ae/ar/services/cosmetic-plastic-surgery/face/facelift-rhytidectomy-abudhabi.html
/ar/الذقن-المزدوجة-في-أبوظبي/,https://www.elyzee.ae/ar/services/cosmetic-plastic-surgery/face/double-chin-treatment-abudhabi.html
/ar/التثدي-بأبوظبي/,https://www.elyzee.ae/ar/services/cosmetic-plastic-surgery/breast/gynecomastia-abudhabi.html
/ar/تجميل-الجفن-في-أبوظبي/,https://www.elyzee.ae/ar/services/ent-and-rhinoplasty/blepharoplasty-eyelid-lift-surgery-abudhabi.html
/ar/رأب-الأذن-في-أبوظبي/,https://www.elyzee.ae/ar/services/ent-and-rhinoplasty/otoplasty-ear-reshaping-abudhabi.html
/ar/شد-الوجه-بالخيوط-في-أبوظبي/,https://www.elyzee.ae/ar/services/dermatology/cosmetic-dermatology/face-thread-lift-abudhabi.html
/ar/التقشير-الكيميائي-في-أبوظبي/,https://www.elyzee.ae/ar/services/dermatology/cosmetic-dermatology/chemical-peel-abudhabi.html
/ar/الفيلر-في-أبوظبي/,https://www.elyzee.ae/ar/services/dermatology/cosmetic-dermatology/fillers-abudhabi.html
/ar/نحت-الفك-في-أبوظبي/,https://www.elyzee.ae/ar/services/dermatology/cosmetic-dermatology/jawline-contouring-abudhabi.html
/ar/علاج-ندبات-حب-الشباب-بأبوظبي/,https://www.elyzee.ae/ar/services/dermatology/cosmetic-dermatology/acne-scar-treatment-abudhabi.html
/ar/حقن-المؤخرة-بأبوظبي/,https://www.elyzee.ae/ar/services/cosmetic-plastic-surgery/body/buttock-augmentation-abudhabi.html
/ar/علاج-تساقط-الشعر-في-أبوظبي/,https://www.elyzee.ae/ar/services/dermatology/cosmetic-dermatology/hair-loss-treatment-abudhabi.html
/ar/علاج-السيلوليت-بأبوظبي/,https://www.elyzee.ae/ar/services/dermatology/cosmetic-dermatology/cellulite-treatment-abudhabi.html
/ar/الميزوثيرابي-في-أبوظبي/,https://www.elyzee.ae/ar/services/dermatology/cosmetic-dermatology/mesotherapy-abudhabi.html
/ar/تصبغ-البشرة-في-ابوظبي/,https://www.elyzee.ae/ar/services/dermatology/cosmetic-dermatology/pigmentation-treatment-abudhabi.html
/ar/تجديد-الجلد-في-أبوظبي/,https://www.elyzee.ae/ar/services/dermatology/cosmetic-dermatology/skin-rejuvenation-abudhabi.html
/ar/علامات-تمدد-الجلد-في-أبوظبي/,https://www.elyzee.ae/ar/services/dermatology/cosmetic-dermatology/stretch-marks-treatment-abudhabi.html
/ar/الهالات-السوداء-في-أبوظبي/,https://www.elyzee.ae/ar/services/dermatology/cosmetic-dermatology/dark-circle-procedure-abudhabi.html
/ar/البروفيلو-بأبوظبي/,https://www.elyzee.ae/ar/services/dermatology/cosmetic-dermatology/profhilo-injections-abudhabi.html
/ar/حقن-السكلبترا-في-أبوظبي/,https://www.elyzee.ae/ar/services/dermatology/cosmetic-dermatology/sculptra-procedure-abudhabi.html
/ar/تقشير-الجلد-في-أبوظبي/,https://www.elyzee.ae/ar/services/skin-care-and-cosmetology/skin-peeling-procedures-abudhabi.html
/ar/تجديد-جلد-اليدين-في-أبوظبي/,https://www.elyzee.ae/ar/services/dermatology/cosmetic-dermatology/hand-rejuvenation-abudhabi.html
/ar/منشطات-البشرة-في-أبوظبي/,https://www.elyzee.ae/en/services/dermatology/cosmetic-dermatology/skin-booster-treatments-abudhabi.html
/ar/افضل-دكتور-جلدية-في-أبوظبي/,https://www.elyzee.ae/ar/insights//best-dermatologist-in-abudhabi.html
/ar/طاقم-جراحة-التجميل-في-أبوظبي-و-دبي-المو/,https://www.elyzee.ae/ar/insights/best-plastic-surgeons-in-abudhabi.html
/ar/خدمات-التجميل-النسائي-في-ابوظبي/,https://www.elyzee.ae/ar/services/obstetrics-and-gynecology/cosmetic-gynecology/
/ar/عملية-تجميل-الأنف-في-أبو-ظبي/,https://www.elyzee.ae/en/services/ent-and-rhinoplasty/rhinoplasty-abudhabi.html